state,region,year,population,total population,proportion
ACT,Oceania and Antarctica,2001,6230,73680,0.084555
ACT,North-West Europe,2001,26670,73680,0.361971
ACT,Southern and Eastern Europe,2001,13260,73680,0.179967
ACT,North Africa and the Middle East,2001,1760,73680,0.023887
ACT,South-East Asia,2001,9090,73680,0.123371
ACT,North-East Asia,2001,4760,73680,0.064604
ACT,Southern and Central Asia,2001,4660,73680,0.063246
ACT,Americas,2001,5040,73680,0.068404
ACT,Sub-Saharan Africa,2001,2210,73680,0.029995
ACT,Oceania and Antarctica,2006,6370,79060,0.080572
ACT,North-West Europe,2006,24540,79060,0.310397
ACT,Southern and Eastern Europe,2006,12450,79060,0.157475
ACT,North Africa and the Middle East,2006,2260,79060,0.028586
ACT,South-East Asia,2006,10600,79060,0.134075
ACT,North-East Asia,2006,7710,79060,0.097521
ACT,Southern and Central Asia,2006,6830,79060,0.086390
ACT,Americas,2006,5560,79060,0.070326
ACT,Sub-Saharan Africa,2006,2740,79060,0.034657
ACT,Oceania and Antarctica,2011,7130,96000,0.074271
ACT,North-West Europe,2011,24530,96000,0.255521
ACT,Southern and Eastern Europe,2011,11660,96000,0.121458
ACT,North Africa and the Middle East,2011,3710,96000,0.038646
ACT,South-East Asia,2011,13520,96000,0.140833
ACT,North-East Asia,2011,12670,96000,0.131979
ACT,Southern and Central Asia,2011,12360,96000,0.128750
ACT,Americas,2011,6330,96000,0.065937
ACT,Sub-Saharan Africa,2011,4090,96000,0.042604
ACT,Oceania and Antarctica,2016,7720,113550,0.067988
ACT,North-West Europe,2016,23350,113550,0.205636
ACT,Southern and Eastern Europe,2016,11290,113550,0.099428
ACT,North Africa and the Middle East,2016,4710,113550,0.041480
ACT,South-East Asia,2016,15810,113550,0.139234
ACT,North-East Asia,2016,17820,113550,0.156935
ACT,Southern and Central Asia,2016,19690,113550,0.173404
ACT,Americas,2016,7580,113550,0.066755
ACT,Sub-Saharan Africa,2016,5580,113550,0.049141
ACT,Oceania and Antarctica,2021,8320,134980,0.061639
ACT,North-West Europe,2021,22910,134980,0.169729
ACT,Southern and Eastern Europe,2021,10550,134980,0.078160
ACT,North Africa and the Middle East,2021,5850,134980,0.043340
ACT,South-East Asia,2021,18530,134980,0.137280
ACT,North-East Asia,2021,19080,134980,0.141354
ACT,Southern and Central Asia,2021,34530,134980,0.255816
ACT,Americas,2021,8970,134980,0.066454
ACT,Sub-Saharan Africa,2021,6240,134980,0.046229
NSW,Oceania and Antarctica,2001,171350,1616980,0.105969
NSW,North-West Europe,2001,409380,1616980,0.253176
NSW,Southern and Eastern Europe,2001,286820,1616980,0.177380
NSW,North Africa and the Middle East,2001,143690,1616980,0.088863
NSW,South-East Asia,2001,214370,1616980,0.132574
NSW,North-East Asia,2001,182890,1616980,0.113106
NSW,Southern and Central Asia,2001,80770,1616980,0.049951
NSW,Americas,2001,78020,1616980,0.048250
NSW,Sub-Saharan Africa,2001,49690,1616980,0.030730
NSW,Oceania and Antarctica,2006,177940,1787440,0.099550
NSW,North-West Europe,2006,401580,1787440,0.224668
NSW,Southern and Eastern Europe,2006,282770,1787440,0.158198
NSW,North Africa and the Middle East,2006,167050,1787440,0.093458
NSW,South-East Asia,2006,241140,1787440,0.134908
NSW,North-East Asia,2006,240810,1787440,0.134723
NSW,Southern and Central Asia,2006,125700,1787440,0.070324
NSW,Americas,2006,88500,1787440,0.049512
NSW,Sub-Saharan Africa,2006,61950,1787440,0.034659
NSW,Oceania and Antarctica,2011,192910,2043200,0.094416
NSW,North-West Europe,2011,419280,2043200,0.205208
NSW,Southern and Eastern Europe,2011,270610,2043200,0.132444
NSW,North Africa and the Middle East,2011,188490,2043200,0.092252
NSW,South-East Asia,2011,283190,2043200,0.138601
NSW,North-East Asia,2011,307900,2043200,0.150695
NSW,Southern and Central Asia,2011,201420,2043200,0.098581
NSW,Americas,2011,103390,2043200,0.050602
NSW,Sub-Saharan Africa,2011,76010,2043200,0.037201
NSW,Oceania and Antarctica,2016,198630,2326550,0.085375
NSW,North-West Europe,2016,419440,2326550,0.180284
NSW,Southern and Eastern Europe,2016,261120,2326550,0.112235
NSW,North Africa and the Middle East,2016,218880,2326550,0.094079
NSW,South-East Asia,2016,327170,2326550,0.140625
NSW,North-East Asia,2016,396200,2326550,0.170295
NSW,Southern and Central Asia,2016,294040,2326550,0.126385
NSW,Americas,2016,125970,2326550,0.054145
NSW,Sub-Saharan Africa,2016,85100,2326550,0.036578
NSW,Oceania and Antarctica,2021,204370,2510460,0.081407
NSW,North-West Europe,2021,397220,2510460,0.158226
NSW,Southern and Eastern Europe,2021,235840,2510460,0.093943
NSW,North Africa and the Middle East,2021,251310,2510460,0.100105
NSW,South-East Asia,2021,375370,2510460,0.149522
NSW,North-East Asia,2021,402360,2510460,0.160273
NSW,Southern and Central Asia,2021,408600,2510460,0.162759
NSW,Americas,2021,142890,2510460,0.056918
NSW,Sub-Saharan Africa,2021,92500,2510460,0.036846
NT,Oceania and Antarctica,2001,5270,32630,0.161508
NT,North-West Europe,2001,11480,32630,0.351823
NT,Southern and Eastern Europe,2001,3410,32630,0.104505
NT,North Africa and the Middle East,2001,400,32630,0.012259
NT,South-East Asia,2001,6850,32630,0.209930
NT,North-East Asia,2001,1020,32630,0.031260
NT,Southern and Central Asia,2001,1090,32630,0.033405
NT,Americas,2001,2150,32630,0.065890
NT,Sub-Saharan Africa,2001,960,32630,0.029421
NT,Oceania and Antarctica,2006,5220,32740,0.159438
NT,North-West Europe,2006,10420,32740,0.318265
NT,Southern and Eastern Europe,2006,3170,32740,0.096823
NT,North Africa and the Middle East,2006,480,32740,0.014661
NT,South-East Asia,2006,7330,32740,0.223885
NT,North-East Asia,2006,1050,32740,0.032071
NT,Southern and Central Asia,2006,1330,32740,0.040623
NT,Americas,2006,2160,32740,0.065974
NT,Sub-Saharan Africa,2006,1580,32740,0.048259
NT,Oceania and Antarctica,2011,6260,43600,0.143578
NT,North-West Europe,2011,11330,43600,0.259862
NT,Southern and Eastern Europe,2011,3340,43600,0.076606
NT,North Africa and the Middle East,2011,1240,43600,0.028440
NT,South-East Asia,2011,10260,43600,0.235321
NT,North-East Asia,2011,2320,43600,0.053211
NT,Southern and Central Asia,2011,4090,43600,0.093807
NT,Americas,2011,2240,43600,0.051376
NT,Sub-Saharan Africa,2011,2520,43600,0.057798
NT,Oceania and Antarctica,2016,7240,55400,0.130686
NT,North-West Europe,2016,12330,55400,0.222563
NT,Southern and Eastern Europe,2016,3920,55400,0.070758
NT,North Africa and the Middle East,2016,1080,55400,0.019495
NT,South-East Asia,2016,13480,55400,0.243321
NT,North-East Asia,2016,3700,55400,0.066787
NT,Southern and Central Asia,2016,7640,55400,0.137906
NT,Americas,2016,2710,55400,0.048917
NT,Sub-Saharan Africa,2016,3300,55400,0.059567
NT,Oceania and Antarctica,2021,6900,59290,0.116377
NT,North-West Europe,2021,10130,59290,0.170855
NT,Southern and Eastern Europe,2021,3370,59290,0.056839
NT,North Africa and the Middle East,2021,1220,59290,0.020577
NT,South-East Asia,2021,14880,59290,0.250970
NT,North-East Asia,2021,3650,59290,0.061562
NT,Southern and Central Asia,2021,12570,59290,0.212009
NT,Americas,2021,2830,59290,0.047731
NT,Sub-Saharan Africa,2021,3740,59290,0.063080
QLD,Oceania and Antarctica,2001,167200,643800,0.259708
QLD,North-West Europe,2001,252840,643800,0.392731
QLD,Southern and Eastern Europe,2001,59620,643800,0.092606
QLD,North Africa and the Middle East,2001,8640,643800,0.013420
QLD,South-East Asia,2001,53240,643800,0.082696
QLD,North-East Asia,2001,36530,643800,0.056741
QLD,Southern and Central Asia,2001,13870,643800,0.021544
QLD,Americas,2001,27200,643800,0.042249
QLD,Sub-Saharan Africa,2001,24660,643800,0.038304
QLD,Oceania and Antarctica,2006,202790,789990,0.256699
QLD,North-West Europe,2006,282180,789990,0.357194
QLD,Southern and Eastern Europe,2006,65230,789990,0.082571
QLD,North Africa and the Middle East,2006,14600,789990,0.018481
QLD,South-East Asia,2006,68640,789990,0.086887
QLD,North-East Asia,2006,55780,789990,0.070608
QLD,Southern and Central Asia,2006,22250,789990,0.028165
QLD,Americas,2006,36450,789990,0.046140
QLD,Sub-Saharan Africa,2006,42070,789990,0.053254
QLD,Oceania and Antarctica,2011,260620,1005400,0.259220
QLD,North-West Europe,2011,310820,1005400,0.309151
QLD,Southern and Eastern Europe,2011,66290,1005400,0.065934
QLD,North Africa and the Middle East,2011,22600,1005400,0.022479
QLD,South-East Asia,2011,95190,1005400,0.094679
QLD,North-East Asia,2011,83380,1005400,0.082932
QLD,Southern and Central Asia,2011,53890,1005400,0.053601
QLD,Americas,2011,49000,1005400,0.048737
QLD,Sub-Saharan Africa,2011,63610,1005400,0.063268
QLD,Oceania and Antarctica,2016,272810,1140130,0.239280
QLD,North-West Europe,2016,314240,1140130,0.275618
QLD,Southern and Eastern Europe,2016,67910,1140130,0.059563
QLD,North Africa and the Middle East,2016,29050,1140130,0.025480
QLD,South-East Asia,2016,115170,1140130,0.101015
QLD,North-East Asia,2016,117860,1140130,0.103374
QLD,Southern and Central Asia,2016,83620,1140130,0.073343
QLD,Americas,2016,62390,1140130,0.054722
QLD,Sub-Saharan Africa,2016,77080,1140130,0.067606
QLD,Oceania and Antarctica,2021,288540,1263910,0.228292
QLD,North-West Europe,2021,313150,1263910,0.247763
QLD,Southern and Eastern Europe,2021,68800,1263910,0.054434
QLD,North Africa and the Middle East,2021,36260,1263910,0.028689
QLD,South-East Asia,2021,140420,1263910,0.111100
QLD,North-East Asia,2021,127220,1263910,0.100656
QLD,Southern and Central Asia,2021,119620,1263910,0.094643
QLD,Americas,2021,78940,1263910,0.062457
QLD,Sub-Saharan Africa,2021,90960,1263910,0.071967
SA,Oceania and Antarctica,2001,13920,318740,0.043672
SA,North-West Europe,2001,166710,318740,0.523028
SA,Southern and Eastern Europe,2001,73810,318740,0.231568
SA,North Africa and the Middle East,2001,7610,318740,0.023875
SA,South-East Asia,2001,27750,318740,0.087062
SA,North-East Asia,2001,8150,318740,0.025569
SA,Southern and Central Asia,2001,7220,318740,0.022652
SA,Americas,2001,8030,318740,0.025193
SA,Sub-Saharan Africa,2001,5540,318740,0.017381
SA,Oceania and Antarctica,2006,15010,339940,0.044155
SA,North-West Europe,2006,161090,339940,0.473878
SA,Southern and Eastern Europe,2006,71490,339940,0.210302
SA,North Africa and the Middle East,2006,9760,339940,0.028711
SA,South-East Asia,2006,33370,339940,0.098164
SA,North-East Asia,2006,16570,339940,0.048744
SA,Southern and Central Asia,2006,12850,339940,0.037801
SA,Americas,2006,9700,339940,0.028534
SA,Sub-Saharan Africa,2006,10100,339940,0.029711
SA,Oceania and Antarctica,2011,16900,388960,0.043449
SA,North-West Europe,2011,160080,388960,0.411559
SA,Southern and Eastern Europe,2011,65970,388960,0.169606
SA,North Africa and the Middle East,2011,13200,388960,0.033937
SA,South-East Asia,2011,43020,388960,0.110603
SA,North-East Asia,2011,29180,388960,0.075021
SA,Southern and Central Asia,2011,33300,388960,0.085613
SA,Americas,2011,11990,388960,0.030826
SA,Sub-Saharan Africa,2011,15320,388960,0.039387
SA,Oceania and Antarctica,2016,16860,418940,0.040244
SA,North-West Europe,2016,150830,418940,0.360028
SA,Southern and Eastern Europe,2016,60320,418940,0.143982
SA,North Africa and the Middle East,2016,16970,418940,0.040507
SA,South-East Asia,2016,51060,418940,0.121879
SA,North-East Asia,2016,38710,418940,0.092400
SA,Southern and Central Asia,2016,51470,418940,0.122858
SA,Americas,2016,13990,418940,0.033394
SA,Sub-Saharan Africa,2016,18730,418940,0.044708
SA,Oceania and Antarctica,2021,18640,452450,0.041198
SA,North-West Europe,2021,141870,452450,0.313560
SA,Southern and Eastern Europe,2021,53490,452450,0.118223
SA,North Africa and the Middle East,2021,18960,452450,0.041905
SA,South-East Asia,2021,60580,452450,0.133893
SA,North-East Asia,2021,39660,452450,0.087656
SA,Southern and Central Asia,2021,80350,452450,0.177589
SA,Americas,2021,17490,452450,0.038656
SA,Sub-Saharan Africa,2021,21410,452450,0.047320
TA,Oceania and Antarctica,2001,4710,51190,0.092010
TA,North-West Europe,2001,31200,51190,0.609494
TA,Southern and Eastern Europe,2001,5460,51190,0.106661
TA,North Africa and the Middle East,2001,670,51190,0.013088
TA,South-East Asia,2001,2700,51190,0.052745
TA,North-East Asia,2001,1430,51190,0.027935
TA,Southern and Central Asia,2001,930,51190,0.018168
TA,Americas,2001,2390,51190,0.046689
TA,Sub-Saharan Africa,2001,1700,51190,0.033210
TA,Oceania and Antarctica,2006,5430,56240,0.096550
TA,North-West Europe,2006,32000,56240,0.568990
TA,Southern and Eastern Europe,2006,5020,56240,0.089260
TA,North Africa and the Middle East,2006,1220,56240,0.021693
TA,South-East Asia,2006,3400,56240,0.060455
TA,North-East Asia,2006,2430,56240,0.043208
TA,Southern and Central Asia,2006,1430,56240,0.025427
TA,Americas,2006,2780,56240,0.049431
TA,Sub-Saharan Africa,2006,2530,56240,0.044986
TA,Oceania and Antarctica,2011,6310,64200,0.098287
TA,North-West Europe,2011,32920,64200,0.512773
TA,Southern and Eastern Europe,2011,4670,64200,0.072741
TA,North Africa and the Middle East,2011,1580,64200,0.024611
TA,South-East Asia,2011,4820,64200,0.075078
TA,North-East Asia,2011,4030,64200,0.062773
TA,Southern and Central Asia,2011,3000,64200,0.046729
TA,Americas,2011,3430,64200,0.053427
TA,Sub-Saharan Africa,2011,3440,64200,0.053583
TA,Oceania and Antarctica,2016,6260,67860,0.092249
TA,North-West Europe,2016,31510,67860,0.464338
TA,Southern and Eastern Europe,2016,4380,67860,0.064545
TA,North Africa and the Middle East,2016,1870,67860,0.027557
TA,South-East Asia,2016,5800,67860,0.085470
TA,North-East Asia,2016,5340,67860,0.078691
TA,Southern and Central Asia,2016,5180,67860,0.076334
TA,Americas,2016,3970,67860,0.058503
TA,Sub-Saharan Africa,2016,3550,67860,0.052314
TA,Oceania and Antarctica,2021,7730,92320,0.083731
TA,North-West Europe,2021,31190,92320,0.337847
TA,Southern and Eastern Europe,2021,4310,92320,0.046685
TA,North Africa and the Middle East,2021,2100,92320,0.022747
TA,South-East Asia,2021,8520,92320,0.092288
TA,North-East Asia,2021,10420,92320,0.112868
TA,Southern and Central Asia,2021,17920,92320,0.194107
TA,Americas,2021,5450,92320,0.059034
TA,Sub-Saharan Africa,2021,4680,92320,0.050693
VIC,Oceania and Antarctica,2001,76890,1168980,0.065775
VIC,North-West Europe,2001,314460,1168980,0.269004
VIC,Southern and Eastern Europe,2001,337000,1168980,0.288286
VIC,North Africa and the Middle East,2001,67770,1168980,0.057974
VIC,South-East Asia,2001,155560,1168980,0.133073
VIC,North-East Asia,2001,69290,1168980,0.059274
VIC,Southern and Central Asia,2001,70670,1168980,0.060454
VIC,Americas,2001,39030,1168980,0.033388
VIC,Sub-Saharan Africa,2001,38310,1168980,0.032772
VIC,Oceania and Antarctica,2006,90400,1331850,0.067876
VIC,North-West Europe,2006,313520,1331850,0.235402
VIC,Southern and Eastern Europe,2006,334700,1331850,0.251305
VIC,North Africa and the Middle East,2006,85740,1331850,0.064377
VIC,South-East Asia,2006,188160,1331850,0.141277
VIC,North-East Asia,2006,107180,1331850,0.080475
VIC,Southern and Central Asia,2006,114440,1331850,0.085926
VIC,Americas,2006,46930,1331850,0.035237
VIC,Sub-Saharan Africa,2006,50780,1331850,0.038127
VIC,Oceania and Antarctica,2011,112320,1589930,0.070645
VIC,North-West Europe,2011,324640,1589930,0.204185
VIC,Southern and Eastern Europe,2011,317110,1589930,0.199449
VIC,North Africa and the Middle East,2011,102630,1589930,0.064550
VIC,South-East Asia,2011,237820,1589930,0.149579
VIC,North-East Asia,2011,160520,1589930,0.100960
VIC,Southern and Central Asia,2011,211860,1589930,0.133251
VIC,Americas,2011,56760,1589930,0.035700
VIC,Sub-Saharan Africa,2011,66270,1589930,0.041681
VIC,Oceania and Antarctica,2016,132140,1892590,0.069820
VIC,North-West Europe,2016,330790,1892590,0.174782
VIC,Southern and Eastern Europe,2016,302490,1892590,0.159829
VIC,North Africa and the Middle East,2016,129310,1892590,0.068324
VIC,South-East Asia,2016,289300,1892590,0.152859
VIC,North-East Asia,2016,240250,1892590,0.126942
VIC,Southern and Central Asia,2016,313200,1892590,0.165488
VIC,Americas,2016,73340,1892590,0.038751
VIC,Sub-Saharan Africa,2016,81770,1892590,0.043205
VIC,Oceania and Antarctica,2021,142410,2072570,0.068712
VIC,North-West Europe,2021,308230,2072570,0.148719
VIC,Southern and Eastern Europe,2021,269690,2072570,0.130123
VIC,North Africa and the Middle East,2021,149840,2072570,0.072297
VIC,South-East Asia,2021,340450,2072570,0.164265
VIC,North-East Asia,2021,246650,2072570,0.119007
VIC,Southern and Central Asia,2021,440500,2072570,0.212538
VIC,Americas,2021,84600,2072570,0.040819
VIC,Sub-Saharan Africa,2021,90200,2072570,0.043521
WA,Oceania and Antarctica,2001,52260,545030,0.095885
WA,North-West Europe,2001,264640,545030,0.485551
WA,Southern and Eastern Europe,2001,66600,545030,0.122195
WA,North Africa and the Middle East,2001,10780,545030,0.019779
WA,South-East Asia,2001,67510,545030,0.123865
WA,North-East Asia,2001,14510,545030,0.026622
WA,Southern and Central Asia,2001,20750,545030,0.038071
WA,Americas,2001,16610,545030,0.030475
WA,Sub-Saharan Africa,2001,31370,545030,0.057556
WA,Oceania and Antarctica,2006,57240,613980,0.093228
WA,North-West Europe,2006,278390,613980,0.453419
WA,Southern and Eastern Europe,2006,67530,613980,0.109987
WA,North Africa and the Middle East,2006,14710,613980,0.023958
WA,South-East Asia,2006,79630,613980,0.129695
WA,North-East Asia,2006,21830,613980,0.035555
WA,Southern and Central Asia,2006,26230,613980,0.042721
WA,Americas,2006,20200,613980,0.032900
WA,Sub-Saharan Africa,2006,48220,613980,0.078537
WA,Oceania and Antarctica,2011,85650,786580,0.108889
WA,North-West Europe,2011,310820,786580,0.395154
WA,Southern and Eastern Europe,2011,66050,786580,0.083971
WA,North Africa and the Middle East,2011,21870,786580,0.027804
WA,South-East Asia,2011,110520,786580,0.140507
WA,North-East Asia,2011,37680,786580,0.047904
WA,Southern and Central Asia,2011,52050,786580,0.066173
WA,Americas,2011,27110,786580,0.034466
WA,Sub-Saharan Africa,2011,74830,786580,0.095133
WA,Oceania and Antarctica,2016,93360,895420,0.104264
WA,North-West Europe,2016,315570,895420,0.352427
WA,Southern and Eastern Europe,2016,66650,895420,0.074434
WA,North Africa and the Middle East,2016,26940,895420,0.030086
WA,South-East Asia,2016,132580,895420,0.148065
WA,North-East Asia,2016,55780,895420,0.062295
WA,Southern and Central Asia,2016,82250,895420,0.091856
WA,Americas,2016,32870,895420,0.036709
WA,Sub-Saharan Africa,2016,89420,895420,0.099864
WA,Oceania and Antarctica,2021,92480,938980,0.098490
WA,North-West Europe,2021,308650,938980,0.328708
WA,Southern and Eastern Europe,2021,62880,938980,0.066966
WA,North Africa and the Middle East,2021,29430,938980,0.031343
WA,South-East Asia,2021,152420,938980,0.162325
WA,North-East Asia,2021,55200,938980,0.058787
WA,Southern and Central Asia,2021,105050,938980,0.111877
WA,Americas,2021,37000,938980,0.039404
WA,Sub-Saharan Africa,2021,95870,938980,0.102100
