Date,Sydney,Melbourne,Brisbane,Adelaide,Perth,Hobart,Darwin,Canberra,Australia
Sep-81,8.60,9.30,9.90,10.00,9.30,8.70,8.70,9.30,9.00
Dec-81,11.10,11.70,11.60,11.60,12.50,10.70,12.20,11.30,11.00
Mar-82,10.00,10.70,11.70,10.20,11.10,10.10,11.60,10.70,10.80
Jun-82,11.30,10.80,10.30,10.30,10.90,9.90,11.80,11.10,10.90
Sep-82,13.10,11.90,11.10,11.80,11.60,10.70,12.80,12.30,12.40
Dec-82,12.00,10.10,10.70,10.70,9.80,10.30,10.00,12.10,11.30
Mar-83,12.10,11.00,10.80,12.30,10.30,11.10,10.40,12.60,11.40
Jun-83,11.10,11.70,10.60,12.30,10.10,10.90,10.50,11.30,11.10
Sep-83,8.60,9.50,9.70,10.00,9.10,9.10,8.50,9.40,9.20
Dec-83,7.40,9.80,8.20,9.10,8.30,7.90,6.60,7.90,8.60
Mar-84,4.90,7.00,5.90,6.20,5.80,5.70,5.10,5.70,5.80
Jun-84,2.80,4.20,5.50,3.70,4.00,3.90,3.20,4.20,4.00
Sep-84,2.80,4.50,4.60,3.10,2.80,3.60,3.10,4.20,3.70
Dec-84,2.50,2.40,3.60,3.30,1.90,3.50,2.80,3.30,2.50
Mar-85,4.20,4.30,4.70,4.70,4.40,4.90,3.30,4.90,4.40
Jun-85,6.40,7.00,5.80,7.20,6.90,7.30,5.60,7.00,6.60
Sep-85,7.70,7.50,7.10,8.50,7.10,8.80,7.80,8.00,7.60
Dec-85,8.40,8.20,7.80,8.60,8.30,8.60,8.00,8.70,8.30
Mar-86,9.30,9.60,9.00,8.80,8.50,8.80,8.90,9.30,9.20
Jun-86,8.90,8.40,8.10,8.00,7.80,8.60,7.80,8.60,8.50
Sep-86,8.90,8.90,8.10,8.90,9.40,8.60,7.00,8.40,8.80
Dec-86,9.70,10.20,9.00,9.20,10.20,10.10,9.50,8.70,9.60
Mar-87,9.50,9.30,8.50,9.50,10.20,10.40,9.30,8.30,9.40
Jun-87,9.30,9.30,8.90,9.10,10.30,10.00,9.90,8.10,9.30
Sep-87,8.60,8.40,7.50,7.20,8.40,9.00,8.80,7.30,8.30
Dec-87,7.00,7.10,6.90,6.80,7.00,7.20,6.80,6.70,7.20
Mar-88,7.30,6.70,6.50,6.20,6.60,6.90,6.50,6.80,6.80
Jun-88,7.20,7.10,7.10,6.40,6.70,6.50,6.40,7.10,7.20
Sep-88,8.20,6.70,7.20,7.40,7.30,6.00,5.20,7.00,7.30
Dec-88,9.30,6.80,7.10,6.80,7.60,5.90,4.80,6.90,7.60
Mar-89,7.00,6.70,6.80,7.50,7.10,6.20,4.70,6.10,6.80
Jun-89,8.00,7.40,7.20,7.80,7.50,6.70,4.80,6.60,7.50
Sep-89,8.20,8.30,7.80,7.50,7.80,7.20,5.70,6.90,8.00
Dec-89,7.40,8.30,7.60,7.40,7.80,7.50,6.40,7.40,7.80
Mar-90,8.90,8.60,7.70,6.80,9.30,7.20,6.40,8.30,8.70
Jun-90,8.10,7.80,6.80,6.70,8.50,6.10,6.40,7.00,7.70
Sep-90,5.90,6.40,5.30,6.20,7.00,5.50,6.00,6.10,6.10
Dec-90,6.30,7.50,6.10,7.80,7.40,6.10,7.10,6.70,6.90
Mar-91,4.80,5.30,5.00,6.00,3.90,4.20,5.40,4.30,4.80
Jun-91,3.00,4.00,3.40,4.70,2.30,3.80,4.10,3.20,3.30
Sep-91,2.80,3.90,3.20,4.10,1.90,3.60,3.20,3.80,3.10
Dec-91,1.50,1.70,1.80,1.90,-0.20,1.90,1.70,1.90,1.50
Mar-92,1.40,2.20,1.60,2.60,0.90,2.00,2.00,2.60,1.70
Jun-92,1.00,1.30,1.20,2.10,0.30,1.20,1.70,2.20,1.20
Sep-92,0.80,0.30,0.70,2.00,-0.20,0.80,2.00,1.50,0.80
Dec-92,0.30,-0.20,0.90,1.70,0.00,0.50,0.80,1.00,0.30
Mar-93,1.00,1.10,1.50,2.00,0.30,1.50,1.50,1.70,1.20
Jun-93,1.70,1.80,2.40,2.70,1.20,2.20,1.50,2.20,1.80
Sep-93,1.70,2.30,2.80,2.30,2.20,3.10,1.50,2.20,2.20
Dec-93,1.30,2.50,1.90,1.80,2.40,3.30,2.40,2.10,1.80
Mar-94,0.80,1.50,1.50,1.80,2.00,2.60,1.40,1.10,1.50
Jun-94,1.50,1.80,1.70,1.80,2.20,2.80,2.10,1.60,1.80
Sep-94,2.10,1.60,2.50,2.00,2.00,2.10,2.20,1.50,2.00
Dec-94,2.60,2.10,3.20,2.90,2.10,2.40,1.70,2.30,2.60
Mar-95,4.30,3.50,4.50,3.70,4.10,3.80,3.50,4.40,3.70
Jun-95,4.90,3.60,4.80,3.90,5.30,4.10,3.90,5.00,4.50
Sep-95,5.60,4.70,4.80,4.50,5.10,4.60,4.40,5.80,5.10
Dec-95,5.90,4.70,4.40,4.40,4.90,4.40,4.80,5.40,5.10
Mar-96,4.70,2.80,3.40,3.10,3.50,3.40,3.80,3.90,3.80
Jun-96,4.00,2.60,3.00,2.80,2.70,3.00,3.50,3.20,3.10
Sep-96,2.40,1.80,2.20,1.80,2.30,2.30,3.10,2.00,2.10
Dec-96,1.70,1.20,1.70,1.20,1.90,1.80,2.10,1.20,1.50
Mar-97,1.20,1.50,1.50,0.90,1.10,1.50,1.60,0.60,1.40
Jun-97,0.10,0.60,0.60,-0.20,0.20,0.60,0.60,-0.90,0.30
Sep-97,-0.30,-0.10,0.20,-0.90,-0.60,-0.40,-0.60,-1.30,-0.40
Dec-97,-0.10,0.00,0.60,-1.20,-0.80,-0.10,-0.70,-1.30,-0.30
Mar-98,0.10,-0.30,0.30,-0.70,-0.30,-0.30,-0.10,-0.70,-0.10
Jun-98,1.00,0.40,1.10,0.50,0.60,0.60,0.30,0.70,0.70
Sep-98,1.60,0.70,1.50,1.50,1.80,1.80,1.00,1.20,1.40
Dec-98,1.90,0.90,1.20,2.00,2.30,1.30,1.50,1.50,1.50
Mar-99,1.50,1.00,0.80,0.80,1.50,0.60,0.40,0.70,1.20
Jun-99,1.30,0.90,0.60,0.90,1.70,0.40,0.70,0.10,1.00
Sep-99,1.90,1.90,1.20,1.60,1.80,0.40,0.60,1.00,1.80
Dec-99,1.90,2.00,0.90,1.80,1.90,1.00,0.90,1.60,1.90
Mar-00,2.80,3.20,2.30,3.40,2.80,2.50,1.90,2.80,2.80
Jun-00,3.20,3.40,2.60,3.30,2.70,3.20,2.40,3.70,3.10
Sep-00,6.10,6.20,5.80,5.90,5.40,6.50,5.80,6.60,6.10
Dec-00,5.90,6.00,6.10,5.40,5.10,5.90,5.70,6.10,5.80
Mar-01,6.40,6.00,5.70,5.60,5.20,5.50,5.10,5.80,6.00
Jun-01,6.30,5.90,6.10,5.90,5.90,5.50,5.10,5.90,6.10
Sep-01,2.90,2.60,2.30,2.20,2.40,1.20,1.90,2.10,2.50
Dec-01,3.40,3.00,3.20,3.00,2.90,2.00,2.20,2.90,3.10
Mar-02,2.90,2.90,3.30,2.70,3.20,2.30,2.40,2.70,3.00
Jun-02,2.80,2.90,3.00,2.90,2.50,2.70,2.10,3.00,2.80
Sep-02,3.00,3.20,3.70,3.70,3.30,3.50,2.30,3.50,3.20
Dec-02,2.80,3.20,3.00,3.60,2.80,3.10,2.00,3.20,2.90
Mar-03,3.10,3.50,3.40,4.90,2.80,3.60,2.60,3.70,3.30
Jun-03,2.50,3.00,2.70,3.80,2.00,2.90,2.20,2.50,2.60
Sep-03,2.10,2.80,2.90,3.70,2.00,2.60,1.70,2.90,2.60
Dec-03,2.30,2.30,3.00,3.20,2.00,2.80,1.70,2.60,2.40
Mar-04,1.90,1.90,2.60,2.20,1.60,2.20,1.20,2.30,2.00
Jun-04,2.30,2.10,3.10,2.90,2.70,2.40,1.20,2.90,2.50
Sep-04,2.60,1.70,2.50,2.50,2.50,2.80,2.20,2.50,2.30
Dec-04,2.60,2.20,2.60,2.60,3.00,3.40,1.90,2.40,2.50
Mar-05,2.20,2.00,2.50,2.20,3.30,3.50,2.00,2.10,2.40
Jun-05,2.50,2.10,2.50,2.20,3.70,3.10,2.50,2.10,2.50
Sep-05,2.90,2.90,2.80,3.00,4.20,3.60,2.80,2.80,3.10
Dec-05,2.40,2.70,2.90,2.70,4.00,2.90,3.00,3.10,2.80
Mar-06,2.80,2.80,2.90,3.00,4.20,2.80,3.40,3.60,2.90
Jun-06,3.80,3.90,4.20,3.70,4.80,3.50,4.30,4.80,4.00
Sep-06,3.80,3.50,4.40,3.80,4.70,3.30,4.90,4.20,4.00
Dec-06,3.20,2.80,3.40,3.10,4.30,2.40,5.00,3.20,3.30
Mar-07,2.20,2.20,3.00,1.90,3.60,2.20,4.10,2.40,2.50
Jun-07,1.70,2.00,2.60,1.70,3.00,2.30,3.70,2.00,2.10
Sep-07,1.30,2.10,2.70,1.40,2.70,1.70,3.10,2.10,1.80
Dec-07,2.40,3.20,3.90,2.80,3.10,3.00,2.90,3.20,2.90
Mar-08,3.90,4.40,4.80,4.40,4.30,3.70,3.80,4.60,4.30
Jun-08,4.30,4.40,5.10,4.60,4.50,3.50,3.90,4.40,4.40
Sep-08,5.00,4.90,5.60,5.10,4.90,4.40,4.50,5.20,5.00
Dec-08,3.70,3.10,4.30,3.70,3.70,3.20,3.70,3.80,3.70
Mar-09,2.40,2.10,3.10,2.30,2.20,2.20,2.90,2.70,2.40
Jun-09,1.30,1.20,2.00,1.50,1.40,1.60,2.50,2.10,1.40
Sep-09,1.30,0.50,1.90,1.30,1.20,1.70,2.70,1.40,1.20
Dec-09,2.20,1.80,2.50,2.10,2.10,2.60,3.00,2.30,2.10
Mar-10,2.90,2.80,3.00,2.60,3.40,3.10,3.50,2.60,2.90
Jun-10,2.90,3.10,3.20,2.80,3.40,3.00,3.20,2.20,3.10
Sep-10,2.60,3.10,2.90,2.70,3.10,2.90,2.30,2.10,2.90
Dec-10,2.40,3.10,3.10,2.60,2.60,2.30,2.30,2.10,2.80
Mar-11,3.20,3.50,3.60,3.70,2.60,2.90,2.90,2.90,3.30
Jun-11,3.80,3.50,3.90,3.90,3.00,3.40,3.10,3.80,3.50
Sep-11,3.70,3.60,3.10,4.00,2.80,3.20,2.80,3.60,3.40
Dec-11,3.20,3.10,2.40,3.60,2.90,3.20,2.50,3.50,3.00
Mar-12,1.70,1.40,1.30,1.80,1.90,2.10,1.70,1.60,1.60
Jun-12,1.30,1.20,0.90,1.20,1.10,0.80,1.50,1.10,1.20
Sep-12,2.30,1.80,1.70,1.70,2.00,0.70,2.10,1.60,2.00
Dec-12,2.50,2.10,2.20,2.10,2.10,1.00,2.50,1.70,2.20
Mar-13,2.80,2.50,2.10,2.20,2.40,1.00,3.80,2.20,2.50
Jun-13,2.60,2.20,2.00,2.10,2.50,1.80,3.90,2.20,2.40
Sep-13,2.10,2.40,2.20,2.00,2.60,2.00,3.40,1.70,2.20
Dec-13,2.60,2.70,2.60,2.30,2.90,2.60,4.40,2.30,2.70
Mar-14,2.80,2.80,3.10,2.90,3.10,2.80,3.60,2.60,2.90
Jun-14,2.80,3.20,3.20,3.10,3.30,2.80,3.30,2.20,3.00
Sep-14,2.20,2.00,2.60,2.10,2.60,1.90,2.70,2.00,2.30
Dec-14,1.70,1.40,2.00,1.70,2.00,1.10,1.90,1.20,1.70
Mar-15,1.60,1.00,1.40,1.10,1.40,0.90,0.80,0.60,1.30
Jun-15,2.20,1.10,1.50,1.20,1.20,0.60,0.20,0.80,1.50
Sep-15,1.90,1.40,1.50,1.10,1.10,1.10,0.40,0.60,1.50
Dec-15,2.00,1.90,1.70,1.00,1.50,1.80,0.50,0.70,1.70
Mar-16,1.30,1.70,1.70,0.70,0.70,1.30,-0.30,1.00,1.30
Jun-16,0.90,1.40,1.50,0.70,0.50,1.20,0.00,0.80,1.00
Sep-16,1.70,1.40,1.50,1.20,0.50,1.30,0.00,1.40,1.30
Dec-16,1.80,1.50,1.60,1.30,0.40,1.30,-0.40,1.80,1.50
Mar-17,2.40,2.50,1.80,2.00,1.00,2.30,0.50,2.30,2.10
Jun-17,2.20,2.20,1.80,1.60,0.70,2.30,0.50,2.10,1.90
Sep-17,1.90,2.20,1.50,1.80,0.80,2.00,0.60,2.10,1.80
Dec-17,2.20,2.20,1.90,2.30,0.80,2.10,1.00,2.20,1.90
Mar-18,2.10,2.20,1.70,2.30,0.90,2.00,1.10,2.40,1.90
Jun-18,2.10,2.50,1.70,2.70,1.10,2.40,1.20,2.80,2.10
Sep-18,2.00,2.20,1.80,1.80,1.20,2.70,1.30,2.50,1.90
Dec-18,1.70,2.00,1.50,1.60,1.30,3.00,1.20,2.50,1.80
Mar-19,1.30,1.20,1.50,1.30,1.10,2.10,0.40,1.80,1.30
Jun-19,1.70,1.30,1.70,1.40,1.60,2.30,0.80,1.70,1.60
Sep-19,1.60,1.70,1.90,1.90,1.60,2.20,0.50,1.80,1.70
Dec-19,1.60,2.00,2.00,2.10,1.60,2.70,0.50,1.70,1.80
Mar-20,2.00,2.70,1.80,2.40,2.10,3.40,1.50,2.00,2.20
Jun-20,-1.00,0.30,-1.00,0.80,0.10,1.30,-1.80,-0.60,-0.30
Sep-20,0.30,0.70,0.60,1.00,1.30,1.70,-0.40,1.00,0.70
Dec-20,0.80,1.30,1.00,1.00,-0.10,0.80,0.00,1.10,0.90
Mar-21,0.90,0.80,1.70,1.20,1.00,1.10,2.30,1.60,1.10
Jun-21,4.10,2.90,4.90,2.80,4.20,3.60,6.10,4.80,3.80
Sep-21,2.90,2.90,3.90,2.50,3.20,3.00,5.90,3.70,3.00
Dec-21,3.10,2.50,4.30,3.30,5.70,4.50,6.00,4.00,3.50
Mar-22,4.40,4.50,6.00,4.70,7.60,5.80,5.50,5.40,5.10
Jun-22,5.30,6.10,7.30,6.40,7.40,6.50,6.60,6.30,6.10
Sep-22,7.00,7.40,7.90,8.40,6.00,8.60,7.00,6.90,7.30
Dec-22,7.60,8.00,7.70,8.60,8.30,7.70,7.10,7.10,7.80
Mar-23,7.30,6.80,7.40,7.90,5.80,6.90,6.20,6.20,7.00
Jun-23,6.60,5.60,6.30,6.90,4.90,5.50,5.30,5.70,6.00
Sep-23,5.60,4.90,5.20,5.90,5.80,4.10,4.30,4.50,5.40
Dec-23,4.20,3.80,4.20,4.80,3.60,3.30,3.90,3.70,4.10
Mar-24,3.80,3.60,3.40,4.30,3.40,3.10,3.30,3.30,3.60
Jun-24,3.80,3.70,3.40,4.50,4.60,2.70,3.00,3.10,3.80
Sep-24,2.90,3.00,1.80,3.20,3.80,0.70,2.20,2.60,2.80
Dec-24,2.40,2.50,1.80,2.50,2.90,1.50,1.70,2.20,2.40
Mar-25,2.30,2.30,2.70,2.20,2.80,1.40,1.70,2.20,2.40
Jun-25,1.90,2.00,2.50,1.80,2.70,1.70,1.60,1.60,2.10
